"","a"
"1",38.2532843814212
"2",40.2838507763002
"3",37.9596489111668
"4",38.4345513241369
"5",44.7278740499118
"6",39.4820357302449
"7",45.5064537497564
"8",33.2526075745777
"9",43.4466811014348
"10",43.3684997687177
"11",32.6240347088305
"12",33.4906745932918
"13",41.7055804805056
"14",38.6192773217805
"15",48.4570763455979
"16",42.4627039474497
"17",39.4758258450501
"18",38.4470867602439
"19",42.5253646919376
"20",33.4842979014448
"21",38.6585018777727
"22",33.275962273179
"23",44.7271875659756
"24",41.6629209397948
"25",32.6601954411844
"26",43.444002933168
"27",43.1707054251246
"28",48.4921222184366
"29",45.5063338077575
"30",40.1880352354665
"31",37.9942114398829
"32",38.1517268986502
"33",32.6476501326819
"34",33.5047324171507
"35",43.4334366087832
"36",42.4714899767705
"37",41.6699339225731
"38",44.7839914751246
"39",39.4286984544442
"40",33.2382396428448
"41",48.4860094428193
"42",43.1780033651698
"43",45.5150111524128
"44",37.9445403191832
"45",38.100483670894
"46",38.4460070379874
"47",40.2777989987056
"48",38.5820720723819
"49",43.2814472129481
"50",48.5994475005567
"51",33.5270620759463
"52",38.5298582524162
"53",45.5510258669043
"54",32.6410273942234
"55",43.3470378080977
"56",37.8817428190857
"57",33.2654804726839
"58",38.1856541376746
"59",42.5517195737932
"60",39.4412369975799
"61",38.4571500991636
"62",40.1768490384857
"63",44.6855542670991
"64",41.6883803870009
"65",33.4375224000399
"66",44.6770252856399
"67",41.6868000479784
"68",43.4136579489235
"69",43.2141409055074
"70",38.6836401324656
"71",33.2480459424813
"72",40.2096439556588
"73",45.5095565911999
"74",38.0191595369031
"75",48.5910493288511
"76",32.6167665890827
"77",42.4604777383334
"78",38.3944566145549
"79",39.4834833164751
"80",38.2126481097738
"81",32.7460989290614
"82",35.9077496093687
"83",60.9886995007124
"84",42.4581281557187
"85",40.9401584049302
"86",43.274020326809
"87",59.4942889646713
"88",47.5931148647662
"89",55.7312132687466
"90",35.1733684561265
"91",52.8137174224996
"92",57.1258082818369
"93",49.8217954631988
"94",54.2662757455941
"95",49.0290867583911
"96",41.6606753704418
"97",49.9055105949316
"98",43.2328058703971
"99",59.4897308906348
"100",35.094146295344
"101",35.8545424790611
"102",32.7407568230125
"103",42.4805694540871
"104",52.8164561676401
"105",40.8600369743328
"106",60.9528071545599
"107",55.7321249904817
"108",41.6884708832968
"109",57.2089287555515
"110",54.3108067855034
"111",47.5618725556654
"112",48.9879152590813
"113",57.2255953443437
"114",60.9292296397201
"115",59.4777256208297
"116",43.2407382380332
"117",32.7899975082913
"118",41.7228762125
"119",52.8301778418609
"120",35.8890312013584
"121",47.6186866958904
"122",49.0954425504944
"123",55.795102299706
"124",35.1184412752829
"125",42.4122944731095
"126",40.8920218517062
"127",49.8748728375433
"128",54.3277887155176
"129",42.5131189799945
"130",49.0717567439275
"131",57.0848912113925
"132",35.8968502166888
"133",43.2077383005508
"134",54.3325252777424
"135",40.9694815999367
"136",59.5271160694444
"137",41.6721104272912
"138",35.1401912214837
"139",32.8389446793906
"140",47.633786339536
"141",49.7621682658741
"142",55.7067064755337
"143",52.9104368663694
"144",61.0010279310137
"145",35.9235951904954
"146",54.2741066060032
"147",49.1113776763514
"148",41.6624109956823
"149",43.249783315642
"150",52.8127289983658
"151",55.7433243970977
"152",60.9394299414042
"153",35.1678903838679
"154",59.4991143715001
"155",32.7024193549299
"156",40.9500338232297
"157",42.4714270987905
"158",47.5538186046915
"159",49.8288793756949
"160",57.1229499189341
"161",41.5731600180444
"162",49.1358147240827
"163",42.831563936728
"164",49.4663098924687
"165",35.1080260259755
"166",40.3765283041198
"167",46.0525606382516
"168",33.3406248533938
"169",40.9900318155928
"170",45.6595923691894
"171",46.2750245658209
"172",35.6137534979376
"173",42.5924671894016
"174",52.7411917129452
"175",39.8504353459303
"176",46.8521718575966
"177",46.3609194667847
"178",41.4865899655743
"179",39.8234520255873
"180",35.5507040020393
"181",52.7945513882463
"182",40.3206968719709
"183",33.3220934012371
"184",45.6336193584802
"185",45.9324544323609
"186",49.3769484958771
"187",42.5555090101596
"188",49.0405152583041
"189",46.9110875118889
"190",34.9903083431157
"191",40.9949886381861
"192",39.8490598311669
"193",42.9373063005585
"194",49.3243055764344
"195",42.5409249035304
"196",49.0475352849611
"197",35.0738678971293
"198",46.2939225446275
"199",52.7967599040666
"200",41.4931513109393
"201",35.6011954084753
"202",40.8827094808642
"203",46.9101203093396
"204",45.9355983748992
"205",45.7058696393284
"206",33.3964405031981
"207",40.3908534253851
"208",46.7896390761662
"209",35.0720383055104
"210",39.8368966355658
"211",42.5563750601657
"212",52.7593271371032
"213",45.6401351067902
"214",49.4433277371603
"215",41.4569248115288
"216",41.0015022140898
"217",45.9920310852052
"218",33.4131086853703
"219",35.5032594488279
"220",46.2792887982057
"221",42.9305583750656
"222",49.0590368509327
"223",40.429039384697
"224",45.9251370048272
"225",42.588862143463
"226",35.573979214936
"227",41.4997844393412
"228",46.8763527908927
"229",40.368382467945
"230",46.3597072269643
"231",49.4580747777906
"232",49.0630337548112
"233",52.7747101634139
"234",39.9082031613532
"235",42.8897126263351
"236",40.935412396978
"237",33.3706832599983
"238",45.6772383690818
"239",34.9421969268164
"240",17.0216013217193
"241",19.1162708577619
"242",17.1328763825379
"243",16.9208015550228
"244",17.7607618344963
"245",16.9045335184497
"246",18.1300650655626
"247",17.3261472726557
"248",18.0272420451671
"249",17.0845163580695
"250",17.5126666169289
"251",15.8764222477175
"252",18.0174180697252
"253",15.8449414494453
"254",18.4979299453636
"255",16.9483135541909
"256",18.4360257703764
"257",17.2092948316491
"258",17.2449609506326
"259",17.7508919972366
"260",17.9913278184319
"261",15.8987211230744
"262",16.9875763956423
"263",18.2230287672615
"264",15.9458522082501
"265",17.5073614249574
"266",18.0170053082219
"267",16.9302178528782
"268",19.1398948364436
"269",16.9604671841325
"270",17.1293067055245
"271",16.8964709351112
"272",15.8751788453119
"273",16.9340088742452
"274",18.0766900290635
"275",16.898949884613
"276",19.0976958240354
"277",18.0215951478655
"278",17.7757757574616
"279",15.9063547053312
"280",17.2812007865221
"281",16.97639165245
"282",18.4712702086193
"283",17.580808054649
"284",15.816294824798
"285",18.2783186216184
"286",16.9805711652792
"287",17.5541553083874
"288",17.8457587275011
"289",17.0040702811036
"290",18.4300227268575
"291",19.0793114359872
"292",16.9190833256165
"293",18.0179746179692
"294",18.2683906650432
"295",17.393049298331
"296",17.1315845016814
"297",17.9822444517015
"298",16.9107269578419
"299",16.9698088763241
"300",16.9626026859737
"301",17.2553566375869
"302",17.4954456318662
"303",17.0831929194611
"304",15.9702294673358
"305",18.0298640705023
"306",16.9709359644268
"307",17.0284829571196
"308",18.1908724275191
"309",15.8186581746885
"310",19.0579990757081
"311",17.7170114784382
"312",15.909268084332
"313",18.3845877653232
"314",17.9880055836173
"315",47.4516358068314
"316",36.266127234349
"317",41.4543099356001
"318",48.0504193425554
"319",42.8966690780097
"320",44.1500404115117
"321",34.1265145151155
"322",47.4534127917914
"323",54.0154150266844
"324",50.6945989859623
"325",44.1400526211715
"326",40.7118095879337
"327",42.2212874950277
"328",50.8517814036483
"329",36.9957275407497
"330",42.9231138505541
"331",47.4790043003655
"332",50.7738776360875
"333",44.0895181497551
"334",42.2622950274538
"335",36.3480990615557
"336",48.0819788852289
"337",53.9860451048679
"338",47.4019258021876
"339",44.1519202506219
"340",37.0045027241705
"341",40.7518812338194
"342",47.4037692964272
"343",34.2308123832368
"344",50.7250020239115
"345",41.4265884275959
"346",42.1521682478445
"347",47.339220594837
"348",34.2482425937484
"349",40.7397828222938
"350",53.8946459125474
"351",36.9831495581869
"352",36.3102879447447
"353",48.075110815811
"354",44.1242179378935
"355",50.8520160058186
"356",42.9153892495677
"357",47.5174255625474
"358",44.0448172910994
"359",47.3875391197134
"360",50.7333089714531
"361",41.4572433068555
"362",41.4572202778537
"363",48.0602500469429
"364",47.5275691335098
"365",53.9060256815695
"366",42.8348814136875
"367",44.1450140367093
"368",47.3910331111256
"369",37.1303574982362
"370",44.1353168949138
"371",40.7694725221513
"372",47.4906524093095
"373",36.3520896935318
"374",34.1750294131425
"375",42.1876640724296
"376",50.5950852363525
"377",50.797610142143
"378",42.1013570372205
"379",34.1944970225132
"380",40.8277399802857
"381",37.0566774094285
"382",42.8062148133917
"383",36.3788786924292
"384",44.2163757113557
"385",50.7624415244358
"386",47.3531994755096
"387",41.5200539667508
"388",47.5096350123801
"389",53.9118849367266
"390",44.0963325241266
"391",50.6323558182662
"392",48.0158386012889
"393",47.3756783491979
"394",63.5446807510873
"395",44.2432253676273
"396",48.6966202937826
"397",62.4682535223861
"398",36.866220608141
"399",54.9676892805483
"400",32.8802773623901
"401",35.8786270417031
"402",56.1534456163652
"403",42.3025906560481
"404",49.7185608093448
"405",43.3068980727519
"406",50.7443053804795
"407",41.3619123317156
"408",58.1099324842369
"409",57.1792575905962
"410",63.4709231244951
"411",48.7599363254336
"412",43.2909920852219
"413",42.3499130907971
"414",57.0481356886962
"415",55.0896891010959
"416",56.0185987352492
"417",49.7653353965705
"418",41.2215713822694
"419",32.9454007809136
"420",62.4688103478324
"421",44.3293698076419
"422",58.2155176694244
"423",36.8933639775782
"424",50.7918592881798
"425",35.8553188587344
"426",43.306496510897
"427",36.8833397292105
"428",63.5817935117059
"429",42.3603416741637
"430",41.3716632274696
"431",58.0640172759196
"432",48.7604251025441
"433",44.3098855455503
"434",57.1591826321715
"435",33.0206986857498
"436",55.1642512736864
"437",49.7626258394549
"438",35.8452600903432
"439",62.5087555194756
"440",50.8009094031781
"441",58.132111521728
"442",42.3454584305723
"443",35.8227378599906
"444",50.7162563550112
"445",48.8187666197909
"446",44.3512135448978
"447",57.1490421874202
"448",56.1354417619611
"449",32.9701164329715
"450",36.9242300565459
"451",63.4992706685859
"452",62.5293717321594
"453",55.1101939789921
"454",41.418194661446
"455",43.2722798914957
"456",49.7321857894258
"457",62.5259215856026
"458",49.7884234604537
"459",58.2450224777277
"460",36.8271795906186
"461",56.0240517483646
"462",33.0053487507498
"463",50.7512843538906
"464",57.1276826300576
"465",55.218011223009
"466",48.7328837752811
"467",35.8997543444661
"468",43.2437198296993
"469",63.5648094892395
"470",42.3620023257568
"471",44.3199593135575
"472",41.444735900266
"473",47.6444718215141
"474",42.6712390806282
"475",41.6782284850959
"476",40.9347422988972
"477",37.5971722117456
"478",43.2687245149507
"479",45.506956664735
"480",38.0866802078981
"481",44.8506630046592
"482",40.4685342059713
"483",44.3825954386334
"484",40.9881894135211
"485",41.4056246220185
"486",40.0596663324295
"487",43.9010476489544
"488",36.2635310818325
"489",44.8509747775841
"490",40.0970142823018
"491",42.6539780354781
"492",43.2248858740557
"493",44.2897292988103
"494",38.0744983118317
"495",43.8297478476966
"496",47.7145167124585
"497",40.5874390963026
"498",37.6648482927136
"499",41.722439407215
"500",41.445141097221
"501",36.2187308256186
"502",45.4534664050533
"503",41.0038046203548
"504",42.591589988365
"505",44.8037200340377
"506",45.4515381607215
"507",36.3673114927902
"508",40.1172507219073
"509",37.6384026778463
"510",41.6890994626349
"511",41.0091696820066
"512",40.5275685531188
"513",44.3566052497995
"514",41.3524098182949
"515",47.7391078741193
"516",40.9815468990619
"517",43.9111463767489
"518",38.0567128516413
"519",43.2920794086468
"520",40.9396669206964
"521",41.403787005
"522",42.6040506672091
"523",40.5089620860915
"524",41.04268458854
"525",45.458102785609
"526",37.5946221923227
"527",36.284994086653
"528",38.114489042334
"529",44.2942145738208
"530",47.6204656940913
"531",41.6441818682079
"532",43.9148433333201
"533",44.8419857572423
"534",43.2209758486428
"535",40.1364413715088
"536",36.2842097185979
"537",40.5307606151096
"538",41.004232515103
"539",40.009034768876
"540",41.7049308571464
"541",44.2774695286113
"542",41.3616187971733
"543",45.5214109781208
"544",43.902707489561
"545",44.8468853722952
"546",40.9633582276851
"547",38.0694049252331
"548",47.7011466903269
"549",37.5644999400454
"550",43.2876651028561
"551",42.6114151617498
"552",55.5235106752465
"553",35.4830633197071
"554",49.6692569458687
"555",34.8077289170011
"556",54.1060754669151
"557",40.9046453951669
"558",52.7294944015969
"559",41.5919089932598
"560",32.7135447131894
"561",60.8085614798165
"562",59.3086194993045
"563",42.3032800039263
"564",48.9504379492853
"565",42.9341684210939
"566",47.604322289415
"567",57.107475067111
"568",55.6460160066472
"569",40.8184114557363
"570",54.188874916091
"571",59.2932553958998
"572",32.7794458966341
"573",57.0719416708431
"574",42.2735481550504
"575",52.675308475335
"576",47.5195172236443
"577",34.8214958162122
"578",60.7431722947209
"579",49.022912325091
"580",35.4478043531417
"581",42.9619087777786
"582",41.6495333113736
"583",59.3684034355289
"584",55.580976898968
"585",52.6453998119128
"586",49.0792476693498
"587",47.5275842295724
"588",41.4908703234014
"589",34.8762693093894
"590",43.0491196943399
"591",57.1102130560032
"592",60.8208706621392
"593",54.3276018202768
"594",49.7583764547732
"595",35.4382565150473
"596",40.8844995331377
"597",42.3474454538696
"598",35.5621848140104
"599",42.9527772841912
"600",49.6968808613103
"601",54.2116433681169
"602",57.1155366849536
"603",34.8689056377158
"604",41.6306392878367
"605",59.3161814906315
"606",40.8489268786218
"607",52.7993026962038
"608",32.7506781159655
"609",42.1673368625875
"610",60.7280021747242
"611",55.6265069576328
"612",48.9914881574593
"613",34.7707496815366
"614",42.1834361388741
"615",49.6561842921939
"616",42.8517227293236
"617",35.5326044652628
"618",59.4320827610338
"619",54.113421441031
"620",41.5744724712286
"621",52.7378894221142
"622",47.4738435888379
"623",60.8305397190418
"624",40.8161487017384
"625",57.1666257816703
"626",32.8232573698734
"627",49.0911667086182
"628",55.6477754006154
"629",44.9645923231733
"630",37.3278428921084
"631",51.7172543029546
"632",38.3768828327618
"633",55.2914390315402
"634",42.6329229553825
"635",34.007869898437
"636",57.6526698914928
"637",56.8993526107718
"638",59.3737111830061
"639",53.5017695603333
"640",43.7769441267768
"641",47.5571473118834
"642",45.0245318348253
"643",53.3935839601552
"644",50.405952842256
"645",41.6285733666662
"646",57.6440936041525
"647",51.8011850255611
"648",43.8788172317172
"649",42.6850843809939
"650",37.2460026687218
"651",49.224050812618
"652",47.5426016012355
"653",56.8478129329026
"654",59.3815643706221
"655",38.4151282313266
"656",53.5205459670959
"657",56.9802581486882
"658",59.4340862515148
"659",51.6557965441643
"660",37.3005336969442
"661",33.996121661823
"662",43.7879845416746
"663",49.3019140907063
"664",42.7418548534845
"665",57.5426536596798
"666",44.9696207592389
"667",50.4608879338528
"668",41.5898028534167
"669",47.5621978640708
"670",38.4020892396281
"671",34.0401983746866
"672",41.5829574904253
"673",59.3882536571833
"674",53.4066264126406
"675",43.841182473715
"676",49.2445877836662
"677",57.0359711172042
"678",57.5615373575223
"679",37.281402895558
"680",55.2648466318223
"681",50.4171299547987
"682",44.9466615830613
"683",42.7063442788992
"684",38.3548441076552
"685",47.515556216888
"686",43.9198220077735
"687",33.9943807148137
"688",56.9165221419793
"689",59.4035211738805
"690",51.7882868325549
"691",49.295870285282
"692",37.2562001155626
"693",50.3305418257702
"694",57.5900648233044
"695",42.6532498516894
"696",53.4477843428943
"697",44.9822474317002
"698",41.5590496423414
"699",47.5007820622881
"700",38.4335603080442
"701",40.9955518374642
"702",47.7411871335478
"703",36.3141933681939
"704",35.6064023854226
"705",42.4327826151192
"706",33.2232069256324
"707",48.9354171264828
"708",50.8021626038096
"709",46.3361771828964
"710",40.1120998397792
"711",47.0983623590641
"712",44.5079249471451
"713",53.2503913508779
"714",41.7144353052384
"715",53.9630353981349
"716",51.3786539837046
"717",36.3094556143686
"718",51.3728304949673
"719",48.8835148484754
"720",53.8656754175509
"721",42.4474718756167
"722",41.6840729566476
"723",47.0722488714834
"724",33.3081992155508
"725",44.6086342635466
"726",40.1669585855923
"727",50.7335159807347
"728",47.8651393141178
"729",46.4962249465586
"730",40.9359534358693
"731",46.3799581692794
"732",35.5560090071874
"733",53.9547408752904
"734",33.2548643388629
"735",40.9709179041698
"736",44.5757857259336
"737",50.7000389192456
"738",48.8581061231522
"739",36.2922309015502
"740",47.768889316415
"741",53.2354567643537
"742",42.4305359482946
"743",51.4138432619566
"744",40.1879536652271
"745",41.597860117617
"746",47.0287473240487
"747",33.2472411447989
"748",35.5254701105235
"749",50.7433627940186
"750",46.3024003828685
"751",40.9543053248208
"752",40.152111776538
"753",36.3244791872897
"754",51.4078006099109
"755",47.1195876201632
"756",53.1619660917027
"757",54.0462245295829
"758",44.5563861418958
"759",48.8459019557228
"760",41.6750230990494
"761",42.4953896444611
"762",47.8912875288469
"763",47.8083147177161
"764",46.3222227561646
"765",40.103598691967
"766",50.6853240030572
"767",42.4749754980795
"768",36.1930433024778
"769",33.370520647432
"770",51.3296967912799
"771",48.8760787151476
"772",41.0124870042681
"773",35.6136836659647
"774",53.2872495456651
"775",54.0032990119922
"776",44.4879446208895
"777",47.1049133239415
"778",41.7594313626906
"779",55.719108030804
"780",59.2601288140348
"781",32.8949073709565
"782",36.531356217057
"783",40.947848157805
"784",41.935455777558
"785",57.3491283707146
"786",52.6298731665941
"787",42.8021980185945
"788",47.5577159856453
"789",50.1463289098582
"790",60.7657088542661
"791",49.1514290157553
"792",43.7171178627314
"793",35.660493498721
"794",54.16566361722
"795",32.9212336401998
"796",47.5742838247983
"797",52.5448565685419
"798",42.8376059985136
"799",50.0975490556949
"800",43.7308770343969
"801",55.7199605325799
"802",49.1909085205996
"803",41.0330178703971
"804",35.6828547584261
"805",59.2943514368513
"806",57.3308487597199
"807",36.4953027580858
"808",54.2095114502012
"809",60.7859151378742
"810",41.8683161245407
"811",49.15283213199
"812",54.1892986307334
"813",55.7327088233724
"814",36.4550937167292
"815",43.7792952071218
"816",40.9981295157658
"817",41.9434584891474
"818",52.5784047092107
"819",32.8522221231132
"820",50.1482718754301
"821",35.6038057153387
"822",47.5688592266989
"823",59.1987297955066
"824",42.7776008968708
"825",60.7083145724869
"826",57.3020307644114
"827",57.3629509377057
"828",43.7156333510073
"829",36.4732551388681
"830",55.7128266293125
"831",41.0984430328124
"832",60.8050105584929
"833",49.1417238505048
"834",35.68164885555
"835",32.8940529520912
"836",41.9849579728126
"837",52.7106847968387
"838",59.1908767287403
"839",49.9946437710446
"840",54.148806902241
"841",47.6200058847612
"842",42.8180154354332
"843",41.9055306104654
"844",57.2922541689482
"845",47.6640737962527
"846",59.2886479326512
"847",41.0367016206228
"848",43.7145255470772
"849",32.9083504169211
"850",52.675161454842
"851",42.8156571668359
"852",54.2119904228827
"853",50.0173092612568
"854",60.8162469721376
"855",35.5611178521346
"856",36.5071683366556
"857",55.7905310610486
"858",49.1270708543635
"859",50.3242461055563
"860",33.9640637978692
"861",58.0761172883793
"862",56.5278975995311
"863",40.7083602793345
"864",41.788515988189
"865",49.713547789826
"866",42.3899436487553
"867",49.0257632614906
"868",65.641621124297
"869",57.3227621128682
"870",64.918477146543
"871",58.74219220482
"872",41.2546032030602
"873",31.6835018146364
"874",33.4033838758082
"875",31.6508059305968
"876",33.8602253217006
"877",50.3290815740961
"878",58.0315463160834
"879",49.7232565547712
"880",64.8656528541008
"881",42.3752498533811
"882",41.2887153951044
"883",57.2888290218788
"884",41.8525021925405
"885",56.532143773467
"886",33.4101633001617
"887",40.7001357249839
"888",65.6512985945866
"889",58.712557096613
"890",56.6083720862561
"891",31.6815816733732
"892",42.3762429222727
"893",65.6023005127606
"894",40.7248376802541
"895",58.009401683816
"896",64.8095036678299
"897",49.0207864606943
"898",33.9287155781259
"899",33.3952575570291
"900",58.808177558738
"901",49.7002196935795
"902",50.3134855857096
"903",57.2969555991747
"904",41.8312635286565
"905",48.9948892574629
"906",58.0242341045658
"907",57.2623910198701
"908",33.3311439465667
"909",42.3428122113754
"910",40.7025108514051
"911",31.6297686740984
"912",41.8234685927585
"913",49.7245737276767
"914",58.7137837395839
"915",50.3257846886068
"916",33.9438398543733
"917",41.2385609384491
"918",65.6237323915701
"919",64.8586404633175
"920",57.985231125749
"921",56.6063739685583
"922",42.4044721832659
"923",58.7916062210284
"924",49.6861341704026
"925",48.9712363570496
"926",65.6021972929913
"927",41.2907446772746
"928",57.3261982975319
"929",41.8330011303474
"930",31.6670777919698
"931",64.8675593731802
"932",50.3223485488459
"933",33.9433845508664
"934",33.3522727767106
"935",40.7268260616457
"936",50.8637018082349
"937",39.3816040326686
"938",55.99353792509
"939",53.0910038189297
"940",41.7144563122326
"941",44.5145876348013
"942",49.6942401409206
"943",45.7466866986745
"944",48.4507708674134
"945",60.8300655975039
"946",54.5648552575317
"947",59.5675968872594
"948",57.3994303282373
"949",43.2014083429035
"950",34.1807613618228
"951",38.1088257997606
"952",34.3430199402796
"953",39.237349473768
"954",50.9510505320864
"955",55.9390040707066
"956",49.6994772371353
"957",59.4784246331451
"958",45.6580396796324
"959",43.135092956497
"960",54.5702592795659
"961",44.4432394824875
"962",53.2106541342268
"963",38.1869296446958
"964",41.9459464610421
"965",60.867409983962
"966",57.3420819746579
"967",48.1587197646063
"968",45.734849228178
"969",44.378331882071
"970",54.6169709348264
"971",57.3137643576603
"972",56.0544970646067
"973",60.8255436884755
"974",49.5041879244266
"975",53.2034136704786
"976",42.1295516473229
"977",50.8919243102901
"978",37.951930725131
"979",48.1744518275514
"980",43.2154555720697
"981",59.4420403353387
"982",34.1721695585464
"983",39.3541615661907
"984",45.8791410350446
"985",55.7714630737131
"986",54.5666372212357
"987",34.2467467077606
"988",49.5931530906786
"989",39.3681829861038
"990",48.2118805828979
"991",44.5161388793487
"992",41.9708870543135
"993",38.0121884176557
"994",60.8068934059338
"995",53.1402486964573
"996",57.2175531053897
"997",50.8112718556145
"998",59.5282143411908
"999",43.2919492548343
"1000",59.3421016185174
"1001",45.8681657841923
"1002",55.9047270969763
"1003",41.8794396637497
"1004",50.7997736108136
"1005",60.9721763167362
"1006",49.5918013616458
"1007",43.080655370153
"1008",57.2301210647616
"1009",39.1820769083155
"1010",37.9820768251372
"1011",34.3116095155946
"1012",48.1654561499962
"1013",54.7048711131295
"1014",44.4387655678995
"1015",53.3127588689701
"1016",42.2428408491097
"1017",33.4142919185035
"1018",36.4077608778391
"1019",39.3624772100528
"1020",33.5654485916117
"1021",37.9720038371555
"1022",29.4285813516811
"1023",33.6182664402937
"1024",35.0143002191831
"1025",33.6454876650556
"1026",29.2149467648374
"1027",33.6933831832467
"1028",29.4250275328616
"1029",37.9102804284695
"1030",34.9124729133196
"1031",37.9156540827694
"1032",37.8957716934927
"1033",29.2757811144319
"1034",37.8667008349537
"1035",33.6382862683352
"1036",33.5693534510442
"1037",33.6963228821379
"1038",29.4221284267052
"1039",39.3528032241209
"1040",42.3420283091436
"1041",29.4064599914671
"1042",38.0335783574946
"1043",34.9511851720197
"1044",33.5692310753565
"1045",33.5028418581557
"1046",34.9581995872988
"1047",36.3504267467214
"1048",37.9353114892435
"1049",39.3555366534399
"1050",37.8413050140051
"1051",29.2425373995166
"1052",34.9041649959614
"1053",33.4838880120537
"1054",29.2435524458839
"1055",29.3808264759305
"1056",33.7104464577984
"1057",37.8809511840158
"1058",42.2316611111631
"1059",33.6181074760102
"1060",33.6495973950327
"1061",33.4603413629162
"1062",36.4261322722089
"1063",35.0497090581237
"1064",29.3371963400795
"1065",33.5456900202828
"1066",42.310301391379
"1067",29.1202280302463
"1068",37.881678708109
"1069",37.9107854316552
"1070",35.0065372098467
"1071",33.7813028100288
"1072",34.9782810220281
"1073",33.669850815722
"1074",33.6183322442587
"1075",33.549601464405
"1076",29.2720522526328
"1077",36.4645428156177
"1078",39.3080703100677
"1079",37.7966644854966
"1080",33.5977913506471
"1081",37.8806333594527
"1082",39.4392418772722
"1083",36.2893624012886
"1084",33.546349488717
"1085",29.1968520325507
"1086",34.9717307567901
"1087",29.4612623891471
"1088",37.8754357272551
"1089",37.9646506562718
"1090",34.9318337325062
"1091",33.6473491760212
"1092",42.2196177039363
"1093",33.6644237058754
"1094",33.5734452299703
"1095",29.4169104814919
"1096",31.143460797438
"1097",38.0175621041901
"1098",26.6137475602148
"1099",30.4650509924164
"1100",35.0088124657485
"1101",30.4135858541153
"1102",33.595850775522
"1103",30.679422079687
"1104",35.7366256392082
"1105",32.0732254143999
"1106",34.21945896972
"1107",34.4228401982518
"1108",26.9413181538578
"1109",30.5902706429778
"1110",32.745190778762
"1111",26.8276637927306
"1112",34.2630749624867
"1113",31.2144117617779
"1114",30.5124933364728
"1115",26.9693972240948
"1116",34.3202064076351
"1117",32.0936587103329
"1118",26.8480111676264
"1119",26.6361103749961
"1120",30.5901650799612
"1121",38.0156317980512
"1122",30.6262221770902
"1123",32.6470503166034
"1124",34.9956406017202
"1125",30.4852630497941
"1126",35.7755090991969
"1127",33.4634534282684
"1128",38.0118150579165
"1129",30.5032316322546
"1130",35.0154870889032
"1131",35.7591307773838
"1132",32.7323830096458
"1133",34.3435210621206
"1134",30.423721054996
"1135",31.178316919765
"1136",34.1907710955686
"1137",26.811554884419
"1138",26.7948613696924
"1139",33.4872908494813
"1140",32.0619864614443
"1141",30.5798622694564
"1142",30.6233589192548
"1143",26.6596898196826
"1144",31.1529328190495
"1145",30.434944668139
"1146",38.0771923541357
"1147",30.5508856587297
"1148",33.4192563227133
"1149",26.8600898594599
"1150",30.5146628051926
"1151",34.2371685302498
"1152",26.7810686186004
"1153",30.2987220287346
"1154",35.7976840833393
"1155",26.5950442966055
"1156",35.0162231377743
"1157",31.9604001793003
"1158",32.8581936068683
"1159",34.4291346184573
"1160",32.693795915099
"1161",34.2414591036269
"1162",30.5547559911867
"1163",30.581979465615
"1164",34.3647412337927
"1165",30.5736737456212
"1166",26.5583342233986
"1167",30.5244053606844
"1168",31.3223552932803
"1169",35.6631245024938
"1170",38.1014558263416
"1171",26.8143514340685
"1172",31.9344718358638
"1173",33.6486099628951
"1174",35.0222767709776
"1175",26.8082215534775
"1176",56.6286719952804
"1177",42.9228124554118
"1178",40.9313266109805
"1179",46.8545484763269
"1180",54.5606457747058
"1181",50.5777403830033
"1182",41.6176263678297
"1183",42.3231484538366
"1184",32.9861254222758
"1185",35.6769637855598
"1186",35.0448678200168
"1187",56.5941412909027
"1188",49.4882604170672
"1189",52.5305756437026
"1190",48.7770107034794
"1191",58.4800310783357
"1192",43.0293977480512
"1193",56.4637850440587
"1194",42.1552781835669
"1195",58.6608610874066
"1196",50.5451391510032
"1197",56.5824886629217
"1198",40.839988251015
"1199",48.7729038544586
"1200",35.0883785356815
"1201",32.9111449492706
"1202",35.7143391178411
"1203",54.6593980151236
"1204",46.7009913588902
"1205",41.5908507647876
"1206",52.6400541408238
"1207",49.4290990543635
"1208",46.7795493169864
"1209",50.6040678116007
"1210",54.6262059530498
"1211",41.5593577989777
"1212",49.4798213122131
"1213",32.9647430750414
"1214",56.7642491810026
"1215",43.0240327448296
"1216",56.3485351997301
"1217",58.5833217647272
"1218",48.8798657652842
"1219",34.9799714991123
"1220",40.9046055151507
"1221",52.5827447118251
"1222",35.7076563587293
"1223",42.2626129669258
"1224",46.7506786153361
"1225",56.4209116684332
"1226",35.0676194994794
"1227",54.6930425537686
"1228",40.7895445617607
"1229",49.5558198067308
"1230",58.4997119925212
"1231",56.6595692296261
"1232",41.5847754611264
"1233",52.64301008207
"1234",35.739167595808
"1235",42.9251650739254
"1236",32.9909255205866
"1237",48.8641503504831
"1238",50.5542927226908
"1239",42.2274688863282
"1240",46.7969065991167
"1241",35.6767017180719
"1242",40.9244987457579
"1243",42.263409703049
"1244",54.7399823276334
"1245",56.7247892379505
"1246",32.9606363705719
"1247",50.6108044349767
"1248",58.469864899968
"1249",43.0335975821492
"1250",35.0414969118319
"1251",52.6346022912309
"1252",48.8577776905584
"1253",41.4326098352357
"1254",56.4460338181423
"1255",49.451389604881
"1256",36.4614517540911
"1257",49.8502955629556
"1258",58.0517616027115
"1259",37.4170062874049
"1260",52.3487056058082
"1261",48.8401958163406
"1262",41.1151260256239
"1263",55.9841039870703
"1264",41.9821255365383
"1265",54.463955820475
"1266",44.1433348783909
"1267",46.7278423625158
"1268",56.5405280629881
"1269",33.3196348982849
"1270",43.1299734504902
"1271",50.3223864383302
"1272",37.3603297665036
"1273",48.8177443528717
"1274",36.3662723407005
"1275",44.1139971603586
"1276",54.4611026635303
"1277",56.0113177395698
"1278",52.3858279192455
"1279",49.8414207754782
"1280",41.1410310109798
"1281",43.0555038369867
"1282",33.3370640329336
"1283",42.1102851739493
"1284",46.713604411344
"1285",56.5576588703131
"1286",50.3167439658134
"1287",56.4716585910177
"1288",44.1299037091731
"1289",56.0706601216231
"1290",42.1421169245294
"1291",33.416620774641
"1292",43.1593896573092
"1293",54.538027407051
"1294",50.3034597412596
"1295",41.0522536575372
"1296",58.1225457243225
"1297",46.7417276184158
"1298",37.3878661701801
"1299",52.498942046724
"1300",49.82161328306
"1301",48.8244395697703
"1302",36.3404970644186
"1303",44.1557741732699
"1304",36.3824264875543
"1305",42.152579905908
"1306",58.1510782885121
"1307",48.8804636935516
"1308",37.3174846381274
"1309",56.0102958125046
"1310",49.8824650971826
"1311",46.7284333487082
"1312",43.0923787017346
"1313",50.3609008800137
"1314",52.4224039588438
"1315",41.0503317210948
"1316",33.3817718144715
"1317",54.4104102552327
"1318",56.5286019284549
"1319",42.1006702702609
"1320",50.4050481497722
"1321",46.8238093731535
"1322",43.1745151844217
"1323",41.121756127887
"1324",37.3639839351666
"1325",36.419501322843
"1326",44.1927956901508
"1327",58.0995810316792
"1328",54.4606496939122
"1329",52.473782460148
"1330",56.0704752802297
"1331",49.8521959497183
"1332",56.5538481518714
"1333",33.4043943018343
"1334",48.7784519404511
"1335",55.3117100940296
"1336",33.8438138680851
"1337",56.9908833785888
"1338",44.0956978703058
"1339",47.4881424317205
"1340",42.8294180770325
"1341",49.3080537782622
"1342",50.6089445861914
"1343",51.8373800338413
"1344",45.5105868762519
"1345",38.9631078843199
"1346",41.5509469310396
"1347",53.51182620803
"1348",59.4930775059886
"1349",57.8462907787041
"1350",57.0779708515369
"1351",55.2344080706294
"1352",51.8191825717678
"1353",57.8634083645988
"1354",50.5250265738882
"1355",42.864791045853
"1356",44.1058647965921
"1357",47.5206214320998
"1358",45.476220610327
"1359",53.5237285718786
"1360",49.3053880614929
"1361",37.7541000595714
"1362",38.9826917929246
"1363",59.55750054591
"1364",33.8788417663762
"1365",41.4982469550913
"1366",38.9876018711923
"1367",49.266705030393
"1368",59.5651621834129
"1369",41.5896893951087
"1370",57.7410119085655
"1371",37.6959911349319
"1372",50.5851886326576
"1373",55.3302236590998
"1374",57.026015134893
"1375",44.1950676309387
"1376",53.5345171170231
"1377",47.5920557770949
"1378",45.3764532793407
"1379",42.8186137875466
"1380",33.8364689493334
"1381",57.0094287945321
"1382",49.3215396132314
"1383",37.7375698695634
"1384",41.6350436358047
"1385",59.5610815045792
"1386",45.4621156116956
"1387",42.9452676957458
"1388",53.5982140463457
"1389",55.3301367290618
"1390",57.7346039013979
"1391",44.1432682135994
"1392",39.0302000352337
"1393",47.464542926353
"1394",51.8355001350378
"1395",50.6776723973496
"1396",33.8252221550807
"1397",57.7707239023362
"1398",37.6461169452838
"1399",55.2495616003339
"1400",33.9260622630227
"1401",53.4982613850636
"1402",45.5344879017636
"1403",44.1418876503072
"1404",50.4915036509305
"1405",39.03484128396
"1406",59.5144289255502
"1407",42.8819897060792
"1408",57.0654684775532
"1409",41.5430617142516
"1410",51.8119773107398
"1411",47.6452990960723
"1412",49.3104877509893
"1413",10.4813581114529
"1414",10.7147098209935
"1415",10.1199093735717
"1416",10.9918710901155
"1417",10.3813909131366
"1418",10.6589457480005
"1419",10.4001158534041
"1420",10.4288688259522
"1421",10.191679133145
"1422",10.7992223200771
"1423",10.3939871936557
"1424",10.664551108024
"1425",10.5286124402244
"1426",10.184441306669
"1427",10.7297740172485
"1428",10.5579808085832
"1429",10.6971628324188
"1430",10.4298803604634
"1431",10.4965457261491
"1432",10.4279130968712
"1433",10.504810614189
"1434",10.1716697955619
"1435",10.6841026504727
"1436",10.5021400209589
"1437",10.1149187416626
"1438",10.3784371070059
"1439",10.7266110026075
"1440",10.6304172223463
"1441",10.958524665666
"1442",10.5223355982123
"1443",10.1770455289631
"1444",10.7807097728717
"1445",10.1326534356239
"1446",10.8398331978043
"1447",10.5436706605881
"1448",10.6735657955304
"1449",10.6429887628656
"1450",10.6818603663801
"1451",10.1462311889098
"1452",10.4788326489053
"1453",10.1466757794912
"1454",10.4292420134263
"1455",10.7477524069466
"1456",10.5281586206824
"1457",10.4398654747703
"1458",10.9284112378423
"1459",10.4720858074724
"1460",10.4533841124277
"1461",10.6732974557273
"1462",10.4475962391506
"1463",10.7718009090369
"1464",10.4542185672226
"1465",10.7687268943986
"1466",10.1582523159144
"1467",10.6698227676016
"1468",10.190701193488
"1469",10.4302330169118
"1470",10.5165232549071
"1471",10.9555461459795
"1472",10.5718541452215
"1473",10.352809771814
"1474",10.4908246206387
"1475",10.6426339857385
"1476",10.1899137357671
"1477",10.7812840299158
"1478",10.4539778176017
"1479",10.442086635612
"1480",10.715263444776
"1481",10.6593772771027
"1482",10.5374900452525
"1483",10.4053716296083
"1484",10.211004155785
"1485",10.6584959960474
"1486",10.1381682700995
"1487",10.7188305877914
"1488",10.1729913978149
"1489",10.9583745537043
"1490",10.4225035820019
"1491",10.5117567371011
"1492",10.4230158366126
"1493",40.1424567021668
"1494",55.0031318765129
"1495",45.0607281686672
"1496",51.6736999743628
"1497",46.5419217179786
"1498",52.5326094424155
"1499",42.4353449418304
"1500",46.2617765689732
"1501",47.7792721400001
"1502",43.6893673747427
"1503",41.5526566028224
"1504",50.2000183503511
"1505",36.0164118009832
"1506",50.02756765165
"1507",48.7318011853773
"1508",54.1375988794691
"1509",42.2852251242995
"1510",54.123914111687
"1511",52.6271048033087
"1512",47.8087536611704
"1513",46.4351701019911
"1514",55.0480360433639
"1515",50.0294907574825
"1516",50.1626935301821
"1517",41.559595569562
"1518",45.1112995980508
"1519",35.9818449954151
"1520",46.2595403470033
"1521",48.6658799913675
"1522",40.2367448311607
"1523",43.6880294089428
"1524",51.6960152787776
"1525",55.0397834884864
"1526",42.3534588844316
"1527",35.9804408022237
"1528",46.432507208764
"1529",51.69002450136
"1530",41.4651448813139
"1531",40.1982929557239
"1532",54.1420574767643
"1533",50.2110052532274
"1534",52.6393549645256
"1535",45.1780797382244
"1536",48.6525670579401
"1537",46.1400406843507
"1538",43.6837047906617
"1539",47.7217328480329
"1540",50.0971138311815
"1541",42.3560868384854
"1542",47.8557713431738
"1543",43.739604318456
"1544",54.1592103869533
"1545",52.6438372323593
"1546",36.0175208619129
"1547",50.1616694298153
"1548",40.084867437786
"1549",51.7876692622387
"1550",50.0091725235295
"1551",45.2136556015967
"1552",46.4224906543362
"1553",46.2977525980063
"1554",41.4270172456776
"1555",54.9929176411865
"1556",48.6446035440839
"1557",49.9916453547823
"1558",55.0588876399905
"1559",42.3053562064979
"1560",43.7365003300837
"1561",35.9807998987379
"1562",52.5240576183682
"1563",46.4062673430197
"1564",54.0520171888774
"1565",41.5284530212514
"1566",50.1417271129617
"1567",40.2060527107489
"1568",45.1041659577315
"1569",48.6159538535342
"1570",47.8172965423357
"1571",51.7120013834826
"1572",46.3531962464853
"1573",42.5321819195914
"1574",50.2271894319485
"1575",61.6101308527619
"1576",48.2300724953279
"1577",40.9019884573571
"1578",55.4953792524348
"1579",54.3309380817078
"1580",57.8891065451164
"1581",43.2325021855893
"1582",62.6991547150477
"1583",32.5402229134482
"1584",56.6487345503149
"1585",49.3842429639867
"1586",34.781519801502
"1587",41.7269066369049
"1588",35.5241040322241
"1589",49.4176669147584
"1590",55.5192426372266
"1591",41.7189225625919
"1592",50.1120253744951
"1593",54.3123041867921
"1594",40.930113342279
"1595",34.8322666349029
"1596",61.6083711423934
"1597",42.4665757815804
"1598",57.8365987370998
"1599",62.8353508805918
"1600",48.2091407568451
"1601",43.2322192058321
"1602",56.6972052799485
"1603",35.4648925958406
"1604",32.4588629332145
"1605",42.5285918999508
"1606",57.886762635949
"1607",35.4874026563247
"1608",55.4833166250655
"1609",54.324599973831
"1610",32.4865700825758
"1611",62.7854361668505
"1612",50.1767483778569
"1613",40.9682056726676
"1614",56.7328392408197
"1615",49.4094897149862
"1616",34.8046937162909
"1617",48.2642733223013
"1618",41.7621892957112
"1619",61.635764206441
"1620",43.2219862986388
"1621",62.7752309081408
"1622",32.4843597629107
"1623",40.9919083091968
"1624",61.5879773422487
"1625",41.7101532365313
"1626",54.3134426007697
"1627",35.6319513098575
"1628",43.2109989729893
"1629",34.7516606866087
"1630",48.2234602096106
"1631",55.573213538869
"1632",42.5527949401601
"1633",56.6963628876758
"1634",50.2264980889755
"1635",49.4493512193955
"1636",57.8744017864006
"1637",55.5353448358215
"1638",57.897128528972
"1639",56.6729942496941
"1640",41.740144446435
"1641",50.1843296683486
"1642",40.8916957909665
"1643",42.5125778136939
"1644",35.526683354181
"1645",62.7828826243972
"1646",43.271642606244
"1647",54.4276080351159
"1648",32.5363591015638
"1649",61.634675900154
"1650",34.7546845613725
"1651",49.397891810256
"1652",48.2732048573427
"1653",44.5428614181894
"1654",49.3622188378099
"1655",36.7182966364757
"1656",33.5234026595399
"1657",37.71614722247
"1658",57.3274535820455
"1659",42.4510572042369
"1660",50.4643236221513
"1661",43.5272711240611
"1662",60.4187473863343
"1663",47.7565858345828
"1664",54.1035829456109
"1665",41.4217791935232
"1666",58.8334953894839
"1667",52.4541479304469
"1668",55.7285548094583
"1669",60.4476296569272
"1670",36.6734382869979
"1671",49.3603475041775
"1672",37.7576161935455
"1673",58.842398030219
"1674",41.4039375163997
"1675",44.5572388849693
"1676",43.4906820282554
"1677",33.4829209433754
"1678",47.7158141928339
"1679",57.2790230223922
"1680",42.5446425682979
"1681",54.1124356066921
"1682",52.4865379474864
"1683",50.4016958429921
"1684",55.5731062532357
"1685",57.2264793175282
"1686",37.6570950114853
"1687",47.7969234973654
"1688",54.1041822218111
"1689",52.4990781620468
"1690",42.4782616117217
"1691",55.700585048589
"1692",50.3413622433368
"1693",41.3991346638363
"1694",60.3732537761486
"1695",49.3464193849601
"1696",44.5638815097491
"1697",36.6495687582203
"1698",43.5317496943236
"1699",58.7108584552526
"1700",33.6525255235943
"1701",44.5267068067052
"1702",49.4103269545035
"1703",58.8392873871495
"1704",43.4599940683157
"1705",42.3969383442258
"1706",57.3028642183169
"1707",47.7206044353996
"1708",60.4131099544909
"1709",52.4041872835765
"1710",55.6519304212911
"1711",50.3876099840796
"1712",36.7362975953098
"1713",54.0879019419373
"1714",41.4288034363498
"1715",33.5622579758161
"1716",37.6569064205118
"1717",47.7795038002859
"1718",43.512850974296
"1719",41.4432308238907
"1720",42.3972926997098
"1721",55.7292846220904
"1722",60.3823874493318
"1723",50.3821947693996
"1724",36.6496770872758
"1725",49.3300610111892
"1726",44.4958312307122
"1727",33.5262244390364
"1728",52.4064441726792
"1729",54.0729723085482
"1730",58.8077770156704
"1731",37.7568421161
"1732",57.2844072219665
"1733",37.4656446863819
"1734",32.2712839487726
"1735",40.5692780675377
"1736",31.0669281009824
"1737",31.2683964554049
"1738",33.0577678310876
"1739",36.9047984321796
"1740",31.0890590549283
"1741",26.6118397839823
"1742",34.9957951826279
"1743",35.7546481579464
"1744",34.170554010819
"1745",26.4996633295826
"1746",26.4085711450458
"1747",35.7836272997026
"1748",31.1404853626572
"1749",26.3334558680882
"1750",31.1142192336573
"1751",32.187524488864
"1752",34.1502265122691
"1753",31.1497750492928
"1754",26.7128992647917
"1755",36.7672942042976
"1756",35.7906305690124
"1757",40.298826722881
"1758",26.5086773959996
"1759",34.9389288833568
"1760",31.0152016046822
"1761",31.1464491180946
"1762",35.8148414060582
"1763",37.5446042094148
"1764",32.9143346210578
"1765",26.5584311393144
"1766",32.8830520487333
"1767",36.9120872530427
"1768",26.6475560777388
"1769",31.136220879021
"1770",37.5849275690122
"1771",32.2010545231542
"1772",40.417705398812
"1773",35.8115520205018
"1774",31.0636803863761
"1775",35.614167634089
"1776",31.0495867541664
"1777",34.9164887838615
"1778",31.2196411847364
"1779",34.304833100453
"1780",26.321740097021
"1781",26.6447681116401
"1782",31.1210899293076
"1783",34.1944992936441
"1784",31.0387914421639
"1785",32.194559951694
"1786",35.8856089868546
"1787",26.3646241950585
"1788",31.2371366175278
"1789",34.8903373732262
"1790",31.3025768208749
"1791",32.9586527645978
"1792",37.6359345617289
"1793",26.4706325142039
"1794",36.8304381571927
"1795",40.2286264834425
"1796",35.905181340121
"1797",32.2265875542932
"1798",35.6996196377871
"1799",26.5434009778068
"1800",31.2134480142184
"1801",26.4416232230621
"1802",35.7216215733588
"1803",32.8767062281996
"1804",31.3049859988177
"1805",31.034697290438
"1806",34.2210576949175
"1807",37.6131270245912
"1808",40.318511744537
"1809",31.0263240970427
"1810",36.9728873744779
"1811",26.625722672957
"1812",34.8796730197077
"1813",58.2342023548716
"1814",42.5323681815443
"1815",41.3898867078831
"1816",51.0239288597196
"1817",43.7320845869497
"1818",36.4192284362672
"1819",37.497717666348
"1820",57.199255047691
"1821",48.7531052069824
"1822",63.4301838543884
"1823",56.0227151874427
"1824",55.0473682883035
"1825",33.0147351761522
"1826",44.8040604813842
"1827",49.877890145647
"1828",62.2702156012797
"1829",49.8029368789827
"1830",37.5180581898278
"1831",57.1468506239233
"1832",62.3211797082908
"1833",44.7348823112289
"1834",48.7538833373203
"1835",56.0439669878059
"1836",32.9520949455329
"1837",63.3871499840872
"1838",54.9503667968239
"1839",36.415782733169
"1840",58.2239244220295
"1841",43.6711427591047
"1842",42.5113786562487
"1843",50.9870760406152
"1844",41.4227884377738
"1845",63.3518782424393
"1846",62.3305154527509
"1847",51.0360818836619
"1848",42.5499757859872
"1849",43.6431328042877
"1850",32.9796962005159
"1851",57.123153674578
"1852",49.8653027003925
"1853",37.5702594243061
"1854",36.3534455156494
"1855",56.1035241863383
"1856",48.7558835383841
"1857",41.386568203153
"1858",54.9735481034303
"1859",58.2283305751179
"1860",44.8532953066783
"1861",62.2380820115663
"1862",56.0334004519088
"1863",57.1432044327227
"1864",49.8774085608982
"1865",33.0022916592121
"1866",41.4520051539067
"1867",42.5072852719446
"1868",36.408063751089
"1869",44.8174150580408
"1870",63.4479020078831
"1871",58.2654794352053
"1872",54.9503672624548
"1873",50.852956331589
"1874",48.723011577435
"1875",37.4430080897955
"1876",43.6442669865707
"1877",48.7297760317207
"1878",50.9941997376943
"1879",49.866266561209
"1880",56.086657358078
"1881",33.0075769020391
"1882",44.8022135450041
"1883",36.3875778222106
"1884",43.62685998185
"1885",42.602435608065
"1886",41.4146683497577
"1887",57.1634728651069
"1888",54.9826472244209
"1889",58.2904334668711
"1890",37.5637048311499
"1891",63.4031731029137
"1892",62.2616978659992
"1893",50.9910406370094
"1894",42.1591292729292
"1895",48.6171520172566
"1896",45.5725444524084
"1897",35.0358587192275
"1898",54.0631595160853
"1899",40.5207141041264
"1900",48.8451835798455
"1901",41.0971073327556
"1902",41.6609121722316
"1903",34.3796347863816
"1904",32.6515863827223
"1905",56.2728730173529
"1906",53.4932243476083
"1907",55.7378314151688
"1908",48.1740811717674
"1909",42.2504771471652
"1910",41.0054599632624
"1911",35.0789173183388
"1912",51.0244910176456
"1913",48.136235581035
"1914",34.4222442335039
"1915",41.6068422117185
"1916",53.9784227921769
"1917",56.4354263162552
"1918",40.5748090442106
"1919",45.9108072255455
"1920",48.6723005290282
"1921",32.7309225591594
"1922",48.6607328262414
"1923",53.507146350399
"1924",55.7651699465807
"1925",42.1583807709213
"1926",53.4165300627776
"1927",51.0088081673573
"1928",53.9652283831791
"1929",34.393646698148
"1930",45.7293600996565
"1931",48.100076343348
"1932",32.7522432551503
"1933",48.6309479232175
"1934",56.3478671742948
"1935",40.9918231916593
"1936",40.4957386696006
"1937",48.729576998013
"1938",35.0925299941918
"1939",55.8302654256683
"1940",41.6746633624225
"1941",51.1065287814268
"1942",34.5736254874002
"1943",56.3278363542409
"1944",42.104399714116
"1945",32.8736075791404
"1946",40.4349874237618
"1947",40.9423677304605
"1948",53.5502857066025
"1949",41.6143150345209
"1950",53.9115949813496
"1951",48.6040474220192
"1952",48.6922674793743
"1953",48.1235111667161
"1954",55.8470925731118
"1955",35.0013068023881
"1956",32.6823267971807
"1957",45.7878249765086
"1958",42.2269773862182
"1959",48.7205023165748
"1960",56.3139108691765
"1961",48.2325049715286
"1962",34.9434418485183
"1963",51.1015434010258
"1964",40.4357500097834
"1965",53.4003904361714
"1966",55.8677441972807
"1967",53.9184703022348
"1968",41.0198064267792
"1969",34.4272465261164
"1970",41.6784280852455
"1971",41.864851364689
"1972",62.4421408603802
"1973",42.6612353985931
"1974",49.5065480847088
"1975",32.5832088193723
"1976",35.0159830452075
"1977",57.0220820049639
"1978",55.0173806431849
"1979",43.5264366376344
"1980",35.895589838284
"1981",63.4680792429415
"1982",56.0103709815379
"1983",41.1010514471406
"1984",58.0683046823098
"1985",48.513368372427
"1986",50.3482545156319
"1987",48.5500769480213
"1988",41.0526286311848
"1989",49.6024906770434
"1990",62.4885301398238
"1991",57.991127092776
"1992",35.8635989071549
"1993",43.6045608980661
"1994",35.1250266005793
"1995",50.3748609306045
"1996",55.0570369640445
"1997",56.0548955059564
"1998",42.7117177021615
"1999",63.4930882175911
"2000",41.93723432472
"2001",57.0434432351688
"2002",32.5577525561876
"2003",43.6095950427587
"2004",41.0474999593983
"2005",50.4739758438931
"2006",62.5250446352571
"2007",42.684266335308
"2008",35.0685248832643
"2009",58.044561850715
"2010",63.5021093640978
"2011",56.9571480833571
"2012",35.7958688994821
"2013",55.0160110004106
"2014",55.9763899416416
"2015",41.8569048788743
"2016",32.597035985712
"2017",49.5414096172588
"2018",48.5730262885535
"2019",56.9858726569493
"2020",55.0666691020467
"2021",42.6913787565542
"2022",35.07810534516
"2023",56.003617467552
"2024",43.467115442201
"2025",50.3256302031426
"2026",41.874867627706
"2027",63.4844785459072
"2028",35.9111090154606
"2029",57.9870989270491
"2030",48.5352456727366
"2031",62.5256872043023
"2032",49.5550755387646
"2033",32.5568058941352
"2034",41.0353958885181
"2035",35.0351191049977
"2036",35.9023209464255
"2037",41.0768557092311
"2038",50.3766972877335
"2039",48.5731267882096
"2040",49.5789039911801
"2041",56.046832782743
"2042",63.5334444036992
"2043",62.4756542014667
"2044",58.04576605978
"2045",43.5635745254526
"2046",57.0802402065898
"2047",32.5895628739077
"2048",54.9785973136559
"2049",42.6671956754492
"2050",41.9124210078756
